Calf_ID, Strain, Day, Replicate, Plate_count, Broth_Enrichment
a21, A, 0, 1, 0, 0
a21, A, 0, 2, 0, 0
a21, A, 0, 3, 0, 0
a21, A, 1, 1, 0, 0
a21, A, 1, 2, 0, 0
a21, A, 1, 3, 0, 0
a21, A, 2, 1, 0, 0
a21, A, 2, 2, 0, 0
a21, A, 2, 3, 0, 0
a21, A, 3, 1, 0, 0
a21, A, 3, 2, 0, 0
a21, A, 3, 3, 0, 0
a21, A, 4, 1, 0, 10
a21, A, 4, 2, 0, 10
a21, A, 4, 3, 0, 10
a21, A, 5, 1, 0, 0
a21, A, 5, 2, 0, 0
a21, A, 5, 3, 0, 0
a21, A, 6, 1, 0, 0
a21, A, 6, 2, 0, 0
a21, A, 6, 3, 0, 0
a21, A, 7, 1, 0, 0
a21, A, 7, 2, 0, 0
a21, A, 7, 3, 0, 0
a21, A, 8, 1, 0, 0
a21, A, 8, 2, 0, 0
a21, A, 8, 3, 0, 0
a21, A, 9, 1, NA, NA
a21, A, 9, 2, NA, NA
a21, A, 9, 3, NA, NA
a21, A, 10, 1, NA, NA
a21, A, 10, 2, NA, NA
a21, A, 10, 3, NA, NA
a21, A, 11, 1, NA, NA
a21, A, 11, 2, NA, NA
a21, A, 11, 3, NA, NA
a21, A, 12, 1, NA, NA
a21, A, 12, 2, NA, NA
a21, A, 12, 3, NA, NA
a21, A, 13, 1, NA, NA
a21, A, 13, 2, NA, NA
a21, A, 13, 3, NA, NA
a21, A, 15, 1, NA, NA
a21, A, 15, 2, NA, NA
a21, A, 15, 3, NA, NA
a21, A, 16, 1, NA, NA
a21, A, 16, 2, NA, NA
a21, A, 16, 3, NA, NA
a21, A, 17, 1, NA, NA
a21, A, 17, 2, NA, NA
a21, A, 17, 3, NA, NA
a21, A, 18, 1, NA, NA
a21, A, 18, 2, NA, NA
a21, A, 18, 3, NA, NA
a22, A, 0, 1, 0, 0
a22, A, 0, 2, 0, 0
a22, A, 0, 3, 0, 0
a22, A, 1, 1, 0, 0
a22, A, 1, 2, 0, 0
a22, A, 1, 3, 0, 0
a22, A, 2, 1, 0, 0
a22, A, 2, 2, 0, 0
a22, A, 2, 3, 0, 0
a22, A, 3, 1, 0, 0
a22, A, 3, 2, 0, 0
a22, A, 3, 3, 0, 0
a22, A, 4, 1, 0, 0
a22, A, 4, 2, 0, 0
a22, A, 4, 3, 0, 0
a22, A, 5, 1, 0, 10
a22, A, 5, 2, 0, 10
a22, A, 5, 3, 0, 10
a22, A, 6, 1, 0, 0
a22, A, 6, 2, 0, 0
a22, A, 6, 3, 0, 0
a22, A, 7, 1, 0, 10
a22, A, 7, 2, 0, 10
a22, A, 7, 3, 0, 10
a22, A, 8, 1, 0, 0
a22, A, 8, 2, 0, 0
a22, A, 8, 3, 0, 0
a22, A, 9, 1, 0, 0
a22, A, 9, 2, 0, 0
a22, A, 9, 3, 0, 0
a22, A, 10, 1, 0, 0
a22, A, 10, 2, 0, 0
a22, A, 10, 3, 0, 0
a22, A, 11, 1, 0, 10
a22, A, 11, 2, 0, 10
a22, A, 11, 3, 0, 10
a22, A, 12, 1, 0, 0
a22, A, 12, 2, 0, 0
a22, A, 12, 3, 0, 0
a22, A, 13, 1, 0, 0
a22, A, 13, 2, 0, 0
a22, A, 13, 3, 0, 0
a22, A, 15, 1, 0, 0
a22, A, 15, 2, 0, 0
a22, A, 15, 3, 0, 0
a22, A, 16, 1, 0, 0
a22, A, 16, 2, 0, 0
a22, A, 16, 3, 0, 0
a22, A, 17, 1, 0, 0
a22, A, 17, 2, 0, 0
a22, A, 17, 3, 0, 0
a22, A, 18, 1, 0, 0
a22, A, 18, 2, 0, 0
a22, A, 18, 3, 0, 0
a23, A, 0, 1, 0, 0
a23, A, 0, 2, 0, 0
a23, A, 0, 3, 0, 0
a23, A, 1, 1, 0, 10
a23, A, 1, 2, 0, 10
a23, A, 1, 3, 0, 10
a23, A, 2, 1, 0, 0
a23, A, 2, 2, 0, 0
a23, A, 2, 3, 0, 0
a23, A, 3, 1, 100, NA
a23, A, 3, 2, 0, NA
a23, A, 3, 3, 200, NA
a23, A, 4, 1, 0, 0
a23, A, 4, 2, 0, 0
a23, A, 4, 3, 0, 0
a23, A, 5, 1, 0, 0
a23, A, 5, 2, 0, 0
a23, A, 5, 3, 0, 0
a23, A, 6, 1, 0, 0
a23, A, 6, 2, 0, 0
a23, A, 6, 3, 0, 0
a23, A, 7, 1, 0, 0
a23, A, 7, 2, 0, 0
a23, A, 7, 3, 0, 0
a23, A, 8, 1, 0, 0
a23, A, 8, 2, 0, 0
a23, A, 8, 3, 0, 0
a23, A, 9, 1, 0, 10
a23, A, 9, 2, 0, 10
a23, A, 9, 3, 0, 10
a23, A, 10, 1, 0, 10
a23, A, 10, 2, 0, 10
a23, A, 10, 3, 0, 10
a23, A, 11, 1, 0, 10
a23, A, 11, 2, 0, 10
a23, A, 11, 3, 0, 10
a23, A, 12, 1, 200, NA
a23, A, 12, 2, 0, NA
a23, A, 12, 3, 0, NA
a23, A, 13, 1, 0, 0
a23, A, 13, 2, 0, 0
a23, A, 13, 3, 0, 0
a23, A, 15, 1, 0, 0
a23, A, 15, 2, 0, 0
a23, A, 15, 3, 0, 0
a23, A, 16, 1, 0, 0
a23, A, 16, 2, 0, 0
a23, A, 16, 3, 0, 0
a23, A, 17, 1, 0, 0
a23, A, 17, 2, 0, 0
a23, A, 17, 3, 0, 0
a23, A, 18, 1, 0, 0
a23, A, 18, 2, 0, 0
a23, A, 18, 3, 0, 0
a24, A, 0, 1, 0, 0
a24, A, 0, 2, 0, 0
a24, A, 0, 3, 0, 0
a24, A, 1, 1, 0, 0
a24, A, 1, 2, 0, 0
a24, A, 1, 3, 0, 0
a24, A, 2, 1, 0, 0
a24, A, 2, 2, 0, 0
a24, A, 2, 3, 0, 0
a24, A, 3, 1, 0, 0
a24, A, 3, 2, 0, 0
a24, A, 3, 3, 0, 0
a24, A, 4, 1, 0, 0
a24, A, 4, 2, 0, 0
a24, A, 4, 3, 0, 0
a24, A, 5, 1, 0, 0
a24, A, 5, 2, 0, 0
a24, A, 5, 3, 0, 0
a24, A, 6, 1, 100, NA
a24, A, 6, 2, 0, NA
a24, A, 6, 3, 0, NA
a24, A, 7, 1, 22700, NA
a24, A, 7, 2, 24000, NA
a24, A, 7, 3, 20800, NA
a24, A, 8, 1, 14700, NA
a24, A, 8, 2, 14500, NA
a24, A, 8, 3, 10600, NA
a24, A, 9, 1, 22000, NA
a24, A, 9, 2, 24000, NA
a24, A, 9, 3, 29000, NA
a24, A, 10, 1, 100, NA
a24, A, 10, 2, 100, NA
a24, A, 10, 3, 0, NA
a24, A, 11, 1, 100, NA
a24, A, 11, 2, 100, NA
a24, A, 11, 3, 0, NA
a24, A, 12, 1, 200, NA
a24, A, 12, 2, 0, NA
a24, A, 12, 3, 0, NA
a24, A, 13, 1, 100, NA
a24, A, 13, 2, 0, NA
a24, A, 13, 3, 0, NA
a24, A, 15, 1, 0, 0
a24, A, 15, 2, 0, 0
a24, A, 15, 3, 0, 0
a24, A, 16, 1, 0, 0
a24, A, 16, 2, 0, 0
a24, A, 16, 3, 0, 0
a24, A, 17, 1, 0, 0
a24, A, 17, 2, 0, 0
a24, A, 17, 3, 0, 0
a24, A, 18, 1, 0, 0
a24, A, 18, 2, 0, 0
a24, A, 18, 3, 0, 0
a25, A, 0, 1, 0, 0
a25, A, 0, 2, 0, 0
a25, A, 0, 3, 0, 0
a25, A, 1, 1, 0, 0
a25, A, 1, 2, 0, 0
a25, A, 1, 3, 0, 0
a25, A, 2, 1, 0, 0
a25, A, 2, 2, 0, 0
a25, A, 2, 3, 0, 0
a25, A, 3, 1, 0, 10
a25, A, 3, 2, 0, 10
a25, A, 3, 3, 0, 10
a25, A, 4, 1, 0, 0
a25, A, 4, 2, 0, 0
a25, A, 4, 3, 0, 0
a25, A, 5, 1, 0, 0
a25, A, 5, 2, 0, 0
a25, A, 5, 3, 0, 0
a25, A, 6, 1, 0, 0
a25, A, 6, 2, 0, 0
a25, A, 6, 3, 0, 0
a25, A, 7, 1, 0, 0
a25, A, 7, 2, 0, 0
a25, A, 7, 3, 0, 0
a25, A, 8, 1, 0, 0
a25, A, 8, 2, 0, 0
a25, A, 8, 3, 0, 0
a25, A, 9, 1, 0, 0
a25, A, 9, 2, 0, 0
a25, A, 9, 3, 0, 0
a25, A, 10, 1, 0, 10
a25, A, 10, 2, 0, 10
a25, A, 10, 3, 0, 10
a25, A, 11, 1, 0, 0
a25, A, 11, 2, 0, 0
a25, A, 11, 3, 0, 0
a25, A, 12, 1, 0, 0
a25, A, 12, 2, 0, 0
a25, A, 12, 3, 0, 0
a25, A, 13, 1, 0, 0
a25, A, 13, 2, 0, 0
a25, A, 13, 3, 0, 0
a25, A, 15, 1, 0, 10
a25, A, 15, 2, 0, 10
a25, A, 15, 3, 0, 10
a25, A, 16, 1, 0, 0
a25, A, 16, 2, 0, 0
a25, A, 16, 3, 0, 0
a25, A, 17, 1, 0, 0
a25, A, 17, 2, 0, 0
a25, A, 17, 3, 0, 0
a25, A, 18, 1, 0, 10
a25, A, 18, 2, 0, 10
a25, A, 18, 3, 0, 10
EnvA2, A, 0, 1, 0, NA
EnvA2, A, 0, 2, 0, NA
EnvA2, A, 0, 3, 0, NA
EnvA2, A, 1, 1, 20000, NA
EnvA2, A, 1, 2, 40000, NA
EnvA2, A, 1, 3, 50000, NA
EnvA2, A, 2, 1, 15000, NA
EnvA2, A, 2, 2, 15000, NA
EnvA2, A, 2, 3, 13000, NA
EnvA2, A, 3, 1, 20000, NA
EnvA2, A, 3, 2, 13000, NA
EnvA2, A, 3, 3, 29000, NA
EnvA2, A, 4, 1, 130000, NA
EnvA2, A, 4, 2, 100000, NA
EnvA2, A, 4, 3, 80000, NA
EnvA2, A, 5, 1, 10000, NA
EnvA2, A, 5, 2, 7000, NA
EnvA2, A, 5, 3, 8000, NA
EnvA2, A, 6, 1, 2000, NA
EnvA2, A, 6, 2, 2000, NA
EnvA2, A, 6, 3, 3000, NA
EnvA2, A, 7, 1, 1000, NA
EnvA2, A, 7, 2, 2700, NA
EnvA2, A, 7, 3, 1400, NA
EnvA2, A, 8, 1, 10900, NA
EnvA2, A, 8, 2, 9400, NA
EnvA2, A, 8, 3, 7100, NA
EnvA2, A, 9, 1, 2000, NA
EnvA2, A, 9, 2, 2000, NA
EnvA2, A, 9, 3, 3000, NA
EnvA2, A, 10, 1, 1000, NA
EnvA2, A, 10, 2, 3000, NA
EnvA2, A, 10, 3, 2000, NA
EnvA2, A, 11, 1, 600, NA
EnvA2, A, 11, 2, 500, NA
EnvA2, A, 11, 3, 300, NA
EnvA2, A, 12, 1, 1600, NA
EnvA2, A, 12, 2, 1600, NA
EnvA2, A, 12, 3, 1900, NA
EnvA2, A, 13, 1, 100, NA
EnvA2, A, 13, 2, 0, NA
EnvA2, A, 13, 3, 0, NA
EnvA2, A, 15, 1, 800, NA
EnvA2, A, 15, 2, 900, NA
EnvA2, A, 15, 3, 800, NA
EnvA2, A, 16, 1, 300, NA
EnvA2, A, 16, 2, 500, NA
EnvA2, A, 16, 3, 100, NA
EnvA2, A, 17, 1, 800, NA
EnvA2, A, 17, 2, 200, NA
EnvA2, A, 17, 3, 900, NA
EnvA2, A, 18, 1, 100, NA
EnvA2, A, 18, 2, 0, NA
EnvA2, A, 18, 3, 0, NA
a31, A, 0, 1, 0, 0
a31, A, 0, 2, 0, 0
a31, A, 0, 3, 0, 0
a31, A, 1, 1, 0, 0
a31, A, 1, 2, 0, 0
a31, A, 1, 3, 0, 0
a31, A, 2, 1, 0, 10
a31, A, 2, 2, 0, 10
a31, A, 2, 3, 0, 10
a31, A, 3, 1, 100, NA
a31, A, 3, 2, 0, NA
a31, A, 3, 3, 0, NA
a31, A, 4, 1, 0, 10
a31, A, 4, 2, 0, 10
a31, A, 4, 3, 0, 10
a31, A, 5, 1, 0, 0
a31, A, 5, 2, 0, 0
a31, A, 5, 3, 0, 0
a31, A, 6, 1, 0, 0
a31, A, 6, 2, 0, 0
a31, A, 6, 3, 0, 0
a31, A, 7, 1, 0, 0
a31, A, 7, 2, 0, 0
a31, A, 7, 3, 0, 0
a31, A, 8, 1, 0, 0
a31, A, 8, 2, 0, 0
a31, A, 8, 3, 0, 0
a31, A, 9, 1, 0, 0
a31, A, 9, 2, 0, 0
a31, A, 9, 3, 0, 0
a31, A, 10, 1, 0, 0
a31, A, 10, 2, 0, 0
a31, A, 10, 3, 0, 0
a31, A, 11, 1, 0, 0
a31, A, 11, 2, 0, 0
a31, A, 11, 3, 0, 0
a31, A, 12, 1, NA, NA
a31, A, 12, 2, NA, NA
a31, A, 12, 3, NA, NA
a31, A, 13, 1, 0, 0
a31, A, 13, 2, 0, 0
a31, A, 13, 3, 0, 0
a31, A, 15, 1, 0, 0
a31, A, 15, 2, 0, 0
a31, A, 15, 3, 0, 0
a31, A, 16, 1, 0, 0
a31, A, 16, 2, 0, 0
a31, A, 16, 3, 0, 0
a31, A, 17, 1, 0, 0
a31, A, 17, 2, 0, 0
a31, A, 17, 3, 0, 0
a31, A, 18, 1, 0, 10
a31, A, 18, 2, 0, 10
a31, A, 18, 3, 0, 10
a32, A, 0, 1, 0, 0
a32, A, 0, 2, 0, 0
a32, A, 0, 3, 0, 0
a32, A, 1, 1, 0, 0
a32, A, 1, 2, 0, 0
a32, A, 1, 3, 0, 0
a32, A, 2, 1, 0, 0
a32, A, 2, 2, 0, 0
a32, A, 2, 3, 0, 0
a32, A, 3, 1, 0, 0
a32, A, 3, 2, 0, 0
a32, A, 3, 3, 0, 0
a32, A, 4, 1, 0, 0
a32, A, 4, 2, 0, 0
a32, A, 4, 3, 0, 0
a32, A, 5, 1, 0, 0
a32, A, 5, 2, 0, 0
a32, A, 5, 3, 0, 0
a32, A, 6, 1, 0, 0
a32, A, 6, 2, 0, 0
a32, A, 6, 3, 0, 0
a32, A, 7, 1, 0, 0
a32, A, 7, 2, 0, 0
a32, A, 7, 3, 0, 0
a32, A, 8, 1, 0, 0
a32, A, 8, 2, 0, 0
a32, A, 8, 3, 0, 0
a32, A, 9, 1, 0, 0
a32, A, 9, 2, 0, 0
a32, A, 9, 3, 0, 0
a32, A, 10, 1, 0, 0
a32, A, 10, 2, 0, 0
a32, A, 10, 3, 0, 0
a32, A, 11, 1, 0, 0
a32, A, 11, 2, 0, 0
a32, A, 11, 3, 0, 0
a32, A, 12, 1, NA, NA
a32, A, 12, 2, NA, NA
a32, A, 12, 3, NA, NA
a32, A, 13, 1, 0, 0
a32, A, 13, 2, 0, 0
a32, A, 13, 3, 0, 0
a32, A, 15, 1, 0, 0
a32, A, 15, 2, 0, 0
a32, A, 15, 3, 0, 0
a32, A, 16, 1, 0, 0
a32, A, 16, 2, 0, 0
a32, A, 16, 3, 0, 0
a32, A, 17, 1, 0, 0
a32, A, 17, 2, 0, 0
a32, A, 17, 3, 0, 0
a32, A, 18, 1, 0, 0
a32, A, 18, 2, 0, 0
a32, A, 18, 3, 0, 0
a33, A, 0, 1, 0, 0
a33, A, 0, 2, 0, 0
a33, A, 0, 3, 0, 0
a33, A, 1, 1, 0, 0
a33, A, 1, 2, 0, 0
a33, A, 1, 3, 0, 0
a33, A, 2, 1, 0, 0
a33, A, 2, 2, 0, 0
a33, A, 2, 3, 0, 0
a33, A, 3, 1, 0, 10
a33, A, 3, 2, 0, 10
a33, A, 3, 3, 0, 10
a33, A, 4, 1, 0, 10
a33, A, 4, 2, 0, 10
a33, A, 4, 3, 0, 10
a33, A, 5, 1, 0, 0
a33, A, 5, 2, 0, 0
a33, A, 5, 3, 0, 0
a33, A, 6, 1, 0, 0
a33, A, 6, 2, 0, 0
a33, A, 6, 3, 0, 0
a33, A, 7, 1, 0, 0
a33, A, 7, 2, 0, 0
a33, A, 7, 3, 0, 0
a33, A, 8, 1, 0, 0
a33, A, 8, 2, 0, 0
a33, A, 8, 3, 0, 0
a33, A, 9, 1, 0, 0
a33, A, 9, 2, 0, 0
a33, A, 9, 3, 0, 0
a33, A, 10, 1, 0, 0
a33, A, 10, 2, 0, 0
a33, A, 10, 3, 0, 0
a33, A, 11, 1, 0, 0
a33, A, 11, 2, 0, 0
a33, A, 11, 3, 0, 0
a33, A, 12, 1, NA, NA
a33, A, 12, 2, NA, NA
a33, A, 12, 3, NA, NA
a33, A, 13, 1, 0, 0
a33, A, 13, 2, 0, 0
a33, A, 13, 3, 0, 0
a33, A, 15, 1, 0, 0
a33, A, 15, 2, 0, 0
a33, A, 15, 3, 0, 0
a33, A, 16, 1, 0, 0
a33, A, 16, 2, 0, 0
a33, A, 16, 3, 0, 0
a33, A, 17, 1, 0, 0
a33, A, 17, 2, 0, 0
a33, A, 17, 3, 0, 0
a33, A, 18, 1, 0, 0
a33, A, 18, 2, 0, 0
a33, A, 18, 3, 0, 0
a34, A, 0, 1, 0, 0
a34, A, 0, 2, 0, 0
a34, A, 0, 3, 0, 0
a34, A, 1, 1, 0, 0
a34, A, 1, 2, 0, 0
a34, A, 1, 3, 0, 0
a34, A, 2, 1, 0, 0
a34, A, 2, 2, 0, 0
a34, A, 2, 3, 0, 0
a34, A, 3, 1, 0, 0
a34, A, 3, 2, 0, 0
a34, A, 3, 3, 0, 0
a34, A, 4, 1, 0, 10
a34, A, 4, 2, 0, 10
a34, A, 4, 3, 0, 10
a34, A, 5, 1, 0, 0
a34, A, 5, 2, 0, 0
a34, A, 5, 3, 0, 0
a34, A, 6, 1, 0, 10
a34, A, 6, 2, 0, 10
a34, A, 6, 3, 0, 10
a34, A, 7, 1, 0, 0
a34, A, 7, 2, 0, 0
a34, A, 7, 3, 0, 0
a34, A, 8, 1, 0, 0
a34, A, 8, 2, 0, 0
a34, A, 8, 3, 0, 0
a34, A, 9, 1, 0, 10
a34, A, 9, 2, 0, 10
a34, A, 9, 3, 0, 10
a34, A, 10, 1, 0, 0
a34, A, 10, 2, 0, 0
a34, A, 10, 3, 0, 0
a34, A, 11, 1, 0, 0
a34, A, 11, 2, 0, 0
a34, A, 11, 3, 0, 0
a34, A, 12, 1, NA, NA
a34, A, 12, 2, NA, NA
a34, A, 12, 3, NA, NA
a34, A, 13, 1, 0, 0
a34, A, 13, 2, 0, 0
a34, A, 13, 3, 0, 0
a34, A, 15, 1, 0, 10
a34, A, 15, 2, 0, 10
a34, A, 15, 3, 0, 10
a34, A, 16, 1, 0, 0
a34, A, 16, 2, 0, 0
a34, A, 16, 3, 0, 0
a34, A, 17, 1, 0, 0
a34, A, 17, 2, 0, 0
a34, A, 17, 3, 0, 0
a34, A, 18, 1, 0, 0
a34, A, 18, 2, 0, 0
a34, A, 18, 3, 0, 0
a35, A, 0, 1, 0, 0
a35, A, 0, 2, 0, 0
a35, A, 0, 3, 0, 0
a35, A, 1, 1, 0, 0
a35, A, 1, 2, 0, 0
a35, A, 1, 3, 0, 0
a35, A, 2, 1, 0, 10
a35, A, 2, 2, 0, 10
a35, A, 2, 3, 0, 10
a35, A, 3, 1, 100, NA
a35, A, 3, 2, 0, NA
a35, A, 3, 3, 0, NA
a35, A, 4, 1, 0, 0
a35, A, 4, 2, 0, 0
a35, A, 4, 3, 0, 0
a35, A, 5, 1, 0, 0
a35, A, 5, 2, 0, 0
a35, A, 5, 3, 0, 0
a35, A, 6, 1, 0, 0
a35, A, 6, 2, 0, 0
a35, A, 6, 3, 0, 0
a35, A, 7, 1, 0, 0
a35, A, 7, 2, 0, 0
a35, A, 7, 3, 0, 0
a35, A, 8, 1, 0, 0
a35, A, 8, 2, 0, 0
a35, A, 8, 3, 0, 0
a35, A, 9, 1, 0, 0
a35, A, 9, 2, 0, 0
a35, A, 9, 3, 0, 0
a35, A, 10, 1, 0, 0
a35, A, 10, 2, 0, 0
a35, A, 10, 3, 0, 0
a35, A, 11, 1, 0, 0
a35, A, 11, 2, 0, 0
a35, A, 11, 3, 0, 0
a35, A, 12, 1, NA, NA
a35, A, 12, 2, NA, NA
a35, A, 12, 3, NA, NA
a35, A, 13, 1, 0, 0
a35, A, 13, 2, 0, 0
a35, A, 13, 3, 0, 0
a35, A, 15, 1, 0, 0
a35, A, 15, 2, 0, 0
a35, A, 15, 3, 0, 0
a35, A, 16, 1, 0, 0
a35, A, 16, 2, 0, 0
a35, A, 16, 3, 0, 0
a35, A, 17, 1, 0, 0
a35, A, 17, 2, 0, 0
a35, A, 17, 3, 0, 0
a35, A, 17, 1, 0, 0
a35, A, 17, 2, 0, 0
a35, A, 17, 3, 0, 0
EnvA3, A, 0, 1, 0, NA
EnvA3, A, 0, 2, 0, NA
EnvA3, A, 0, 3, 0, NA
EnvA3, A, 1, 1, 200, NA
EnvA3, A, 1, 2, 100, NA
EnvA3, A, 1, 3, 0, NA
EnvA3, A, 2, 1, 120000, NA
EnvA3, A, 2, 2, 100000, NA
EnvA3, A, 2, 3, 130000, NA
EnvA3, A, 3, 1, 90000, NA
EnvA3, A, 3, 2, 50000, NA
EnvA3, A, 3, 3, 20000, NA
EnvA3, A, 4, 1, 2000, NA
EnvA3, A, 4, 2, 0, NA
EnvA3, A, 4, 3, 2000, NA
EnvA3, A, 5, 1, 1000, NA
EnvA3, A, 5, 2, 2000, NA
EnvA3, A, 5, 3, 1000, NA
EnvA3, A, 6, 1, 6000, NA
EnvA3, A, 6, 2, 0, NA
EnvA3, A, 6, 3, 2000, NA
EnvA3, A, 7, 1, 200, NA
EnvA3, A, 7, 2, 100, NA
EnvA3, A, 7, 3, 100, NA
EnvA3, A, 8, 1, 100, NA
EnvA3, A, 8, 2, 200, NA
EnvA3, A, 8, 3, 400, NA
EnvA3, A, 9, 1, 100, NA
EnvA3, A, 9, 2, 0, NA
EnvA3, A, 9, 3, 100, NA
EnvA3, A, 10, 1, 100, NA
EnvA3, A, 10, 2, 0, NA
EnvA3, A, 10, 3, 0, NA
EnvA3, A, 11, 1, 0, 10
EnvA3, A, 11, 2, 0, 10
EnvA3, A, 11, 3, 0, 10
EnvA3, A, 12, 1, NA, NA
EnvA3, A, 12, 2, NA, NA
EnvA3, A, 12, 3, NA, NA
EnvA3, A, 13, 1, 400, NA
EnvA3, A, 13, 2, 800, NA
EnvA3, A, 13, 3, 700, NA
EnvA3, A, 15, 1, 0, 10
EnvA3, A, 15, 2, 0, 10
EnvA3, A, 15, 3, 0, 10
EnvA3, A, 16, 1, 100, NA
EnvA3, A, 16, 2, 0, NA
EnvA3, A, 16, 3, 0, NA
EnvA3, A, 17, 1, 100, NA
EnvA3, A, 17, 2, 0, NA
EnvA3, A, 17, 3, 0, NA
EnvA3, A, 18, 1, 100, NA
EnvA3, A, 18, 2, 0, NA
EnvA3, A, 18, 3, 0, NA
b21, B, 0, 1, 0, 0
b21, B, 0, 2, 0, 0
b21, B, 0, 3, 0, 0
b21, B, 1, 1, 0, 0
b21, B, 1, 2, 0, 0
b21, B, 1, 3, 0, 0
b21, B, 2, 1, 0, 0
b21, B, 2, 2, 0, 0
b21, B, 2, 3, 0, 0
b21, B, 3, 1, 0, 0
b21, B, 3, 2, 0, 0
b21, B, 3, 3, 0, 0
b21, B, 4, 1, 0, 0
b21, B, 4, 2, 0, 0
b21, B, 4, 3, 0, 0
b21, B, 5, 1, 0, 0
b21, B, 5, 2, 0, 0
b21, B, 5, 3, 0, 0
b21, B, 6, 1, 0, 0
b21, B, 6, 2, 0, 0
b21, B, 6, 3, 0, 0
b21, B, 7, 1, 0, 0
b21, B, 7, 2, 0, 0
b21, B, 7, 3, 0, 0
b21, B, 8, 1, 0, 0
b21, B, 8, 2, 0, 0
b21, B, 8, 3, 0, 0
b21, B, 9, 1, 0, 0
b21, B, 9, 2, 0, 0
b21, B, 9, 3, 0, 0
b21, B, 10, 1, 0, 0
b21, B, 10, 2, 0, 0
b21, B, 10, 3, 0, 0
b21, B, 11, 1, 0, 0
b21, B, 11, 2, 0, 0
b21, B, 11, 3, 0, 0
b21, B, 12, 1, 0, 0
b21, B, 12, 2, 0, 0
b21, B, 12, 3, 0, 0
b21, B, 13, 1, 0, 0
b21, B, 13, 2, 0, 0
b21, B, 13, 3, 0, 0
b21, B, 15, 1, 0, 0
b21, B, 15, 2, 0, 0
b21, B, 15, 3, 0, 0
b21, B, 16, 1, 0, 0
b21, B, 16, 2, 0, 0
b21, B, 16, 3, 0, 0
b21, B, 17, 1, 0, 0
b21, B, 17, 2, 0, 0
b21, B, 17, 3, 0, 0
b21, B, 18, 1, 0, 0
b21, B, 18, 2, 0, 0
b21, B, 18, 3, 0, 0
b22, B, 0, 1, 0, 0
b22, B, 0, 2, 0, 0
b22, B, 0, 3, 0, 0
b22, B, 1, 1, 0, 0
b22, B, 1, 2, 0, 0
b22, B, 1, 3, 0, 0
b22, B, 2, 1, 0, 0
b22, B, 2, 2, 0, 0
b22, B, 2, 3, 0, 0
b22, B, 3, 1, 0, 0
b22, B, 3, 2, 0, 0
b22, B, 3, 3, 0, 0
b22, B, 4, 1, 0, 0
b22, B, 4, 2, 0, 0
b22, B, 4, 3, 0, 0
b22, B, 5, 1, 0, 0
b22, B, 5, 2, 0, 0
b22, B, 5, 3, 0, 0
b22, B, 6, 1, 0, 0
b22, B, 6, 2, 0, 0
b22, B, 6, 3, 0, 0
b22, B, 7, 1, 0, 0
b22, B, 7, 2, 0, 0
b22, B, 7, 3, 0, 0
b22, B, 8, 1, 0, 0
b22, B, 8, 2, 0, 0
b22, B, 8, 3, 0, 0
b22, B, 9, 1, 0, 0
b22, B, 9, 2, 0, 0
b22, B, 9, 3, 0, 0
b22, B, 10, 1, 0, 0
b22, B, 10, 2, 0, 0
b22, B, 10, 3, 0, 0
b22, B, 11, 1, 0, 0
b22, B, 11, 2, 0, 0
b22, B, 11, 3, 0, 0
b22, B, 12, 1, 0, 0
b22, B, 12, 2, 0, 0
b22, B, 12, 3, 0, 0
b22, B, 13, 1, 0, 0
b22, B, 13, 2, 0, 0
b22, B, 13, 3, 0, 0
b22, B, 15, 1, 0, 0
b22, B, 15, 2, 0, 0
b22, B, 15, 3, 0, 0
b22, B, 16, 1, 0, 0
b22, B, 16, 2, 0, 0
b22, B, 16, 3, 0, 0
b22, B, 17, 1, 0, 0
b22, B, 17, 2, 0, 0
b22, B, 17, 3, 0, 0
b22, B, 18, 1, 0, 0
b22, B, 18, 2, 0, 0
b22, B, 18, 3, 0, 0
b23, B, 0, 1, 0, 0
b23, B, 0, 2, 0, 0
b23, B, 0, 3, 0, 0
b23, B, 1, 1, 0, 0
b23, B, 1, 2, 0, 0
b23, B, 1, 3, 0, 0
b23, B, 2, 1, 0, 0
b23, B, 2, 2, 0, 0
b23, B, 2, 3, 0, 0
b23, B, 3, 1, 0, 0
b23, B, 3, 2, 0, 0
b23, B, 3, 3, 0, 0
b23, B, 4, 1, 0, 0
b23, B, 4, 2, 0, 0
b23, B, 4, 3, 0, 0
b23, B, 5, 1, 0, 0
b23, B, 5, 2, 0, 0
b23, B, 5, 3, 0, 0
b23, B, 6, 1, 0, 0
b23, B, 6, 2, 0, 0
b23, B, 6, 3, 0, 0
b23, B, 7, 1, 0, 0
b23, B, 7, 2, 0, 0
b23, B, 7, 3, 0, 0
b23, B, 8, 1, 0, 0
b23, B, 8, 2, 0, 0
b23, B, 8, 3, 0, 0
b23, B, 9, 1, 0, 0
b23, B, 9, 2, 0, 0
b23, B, 9, 3, 0, 0
b23, B, 10, 1, 0, 0
b23, B, 10, 2, 0, 0
b23, B, 10, 3, 0, 0
b23, B, 11, 1, 0, 0
b23, B, 11, 2, 0, 0
b23, B, 11, 3, 0, 0
b23, B, 12, 1, 0, 0
b23, B, 12, 2, 0, 0
b23, B, 12, 3, 0, 0
b23, B, 13, 1, 0, 0
b23, B, 13, 2, 0, 0
b23, B, 13, 3, 0, 0
b23, B, 15, 1, 0, 0
b23, B, 15, 2, 0, 0
b23, B, 15, 3, 0, 0
b23, B, 16, 1, 0, 0
b23, B, 16, 2, 0, 0
b23, B, 16, 3, 0, 0
b23, B, 17, 1, 0, 0
b23, B, 17, 2, 0, 0
b23, B, 17, 3, 0, 0
b23, B, 18, 1, 0, 0
b23, B, 18, 2, 0, 0
b23, B, 18, 3, 0, 0
b24, B, 0, 1, 0, 0
b24, B, 0, 2, 0, 0
b24, B, 0, 3, 0, 0
b24, B, 1, 1, 0, 0
b24, B, 1, 2, 0, 0
b24, B, 1, 3, 0, 0
b24, B, 2, 1, 0, 0
b24, B, 2, 2, 0, 0
b24, B, 2, 3, 0, 0
b24, B, 3, 1, 0, 0
b24, B, 3, 2, 0, 0
b24, B, 3, 3, 0, 0
b24, B, 4, 1, 0, 0
b24, B, 4, 2, 0, 0
b24, B, 4, 3, 0, 0
b24, B, 5, 1, 0, 0
b24, B, 5, 2, 0, 0
b24, B, 5, 3, 0, 0
b24, B, 6, 1, 0, 0
b24, B, 6, 2, 0, 0
b24, B, 6, 3, 0, 0
b24, B, 7, 1, 0, 0
b24, B, 7, 2, 0, 0
b24, B, 7, 3, 0, 0
b24, B, 8, 1, 0, 0
b24, B, 8, 2, 0, 0
b24, B, 8, 3, 0, 0
b24, B, 9, 1, 0, 0
b24, B, 9, 2, 0, 0
b24, B, 9, 3, 0, 0
b24, B, 10, 1, 0, 0
b24, B, 10, 2, 0, 0
b24, B, 10, 3, 0, 0
b24, B, 11, 1, 0, 0
b24, B, 11, 2, 0, 0
b24, B, 11, 3, 0, 0
b24, B, 12, 1, 0, 0
b24, B, 12, 2, 0, 0
b24, B, 12, 3, 0, 0
b24, B, 13, 1, 0, 0
b24, B, 13, 2, 0, 0
b24, B, 13, 3, 0, 0
b24, B, 15, 1, 0, 0
b24, B, 15, 2, 0, 0
b24, B, 15, 3, 0, 0
b24, B, 16, 1, 0, 0
b24, B, 16, 2, 0, 0
b24, B, 16, 3, 0, 0
b24, B, 17, 1, 0, 0
b24, B, 17, 2, 0, 0
b24, B, 17, 3, 0, 0
b24, B, 18, 1, 0, 0
b24, B, 18, 2, 0, 0
b24, B, 18, 3, 0, 0
b25, B, 0, 1, 0, 0
b25, B, 0, 2, 0, 0
b25, B, 0, 3, 0, 0
b25, B, 1, 1, 0, 0
b25, B, 1, 2, 0, 0
b25, B, 1, 3, 0, 0
b25, B, 2, 1, 0, 0
b25, B, 2, 2, 0, 0
b25, B, 2, 3, 0, 0
b25, B, 3, 1, 0, 0
b25, B, 3, 2, 0, 0
b25, B, 3, 3, 0, 0
b25, B, 4, 1, 0, 0
b25, B, 4, 2, 0, 0
b25, B, 4, 3, 0, 0
b25, B, 5, 1, 0, 0
b25, B, 5, 2, 0, 0
b25, B, 5, 3, 0, 0
b25, B, 6, 1, 0, 0
b25, B, 6, 2, 0, 0
b25, B, 6, 3, 0, 0
b25, B, 7, 1, 0, 0
b25, B, 7, 2, 0, 0
b25, B, 7, 3, 0, 0
b25, B, 8, 1, 0, 0
b25, B, 8, 2, 0, 0
b25, B, 8, 3, 0, 0
b25, B, 9, 1, 0, 0
b25, B, 9, 2, 0, 0
b25, B, 9, 3, 0, 0
b25, B, 10, 1, 0, 0
b25, B, 10, 2, 0, 0
b25, B, 10, 3, 0, 0
b25, B, 11, 1, 0, 0
b25, B, 11, 2, 0, 0
b25, B, 11, 3, 0, 0
b25, B, 12, 1, 0, 0
b25, B, 12, 2, 0, 0
b25, B, 12, 3, 0, 0
b25, B, 13, 1, 0, 0
b25, B, 13, 2, 0, 0
b25, B, 13, 3, 0, 0
b25, B, 15, 1, 0, 0
b25, B, 15, 2, 0, 0
b25, B, 15, 3, 0, 0
b25, B, 16, 1, 0, 0
b25, B, 16, 2, 0, 0
b25, B, 16, 3, 0, 0
b25, B, 17, 1, 0, 0
b25, B, 17, 2, 0, 0
b25, B, 17, 3, 0, 0
b25, B, 18, 1, 0, 0
b25, B, 18, 2, 0, 0
b25, B, 18, 3, 0, 0
EnvB2, B, 0, 1, 0, NA
EnvB2, B, 0, 2, 0, NA
EnvB2, B, 0, 3, 0, NA
EnvB2, B, 1, 1, 300, NA
EnvB2, B, 1, 2, 600, NA
EnvB2, B, 1, 3, 100, NA
EnvB2, B, 2, 1, 10000, NA
EnvB2, B, 2, 2, 12000, NA
EnvB2, B, 2, 3, 10000, NA
EnvB2, B, 3, 1, 20000, NA
EnvB2, B, 3, 2, 10000, NA
EnvB2, B, 3, 3, 8000, NA
EnvB2, B, 4, 1, 400, NA
EnvB2, B, 4, 2, 400, NA
EnvB2, B, 4, 3, 0, NA
EnvB2, B, 5, 1, 600, NA
EnvB2, B, 5, 2, 100, NA
EnvB2, B, 5, 3, 600, NA
EnvB2, B, 6, 1, 400, NA
EnvB2, B, 6, 2, 400, NA
EnvB2, B, 6, 3, 200, NA
EnvB2, B, 7, 1, 900, NA
EnvB2, B, 7, 2, 200, NA
EnvB2, B, 7, 3, 0, NA
EnvB2, B, 8, 1, 300, NA
EnvB2, B, 8, 2, 300, NA
EnvB2, B, 8, 3, 0, NA
EnvB2, B, 9, 1, 100, NA
EnvB2, B, 9, 2, 0, NA
EnvB2, B, 9, 3, 0, NA
EnvB2, B, 10, 1, 0, 0
EnvB2, B, 10, 2, 0, 0
EnvB2, B, 10, 3, 0, 0
EnvB2, B, 11, 1, 0, 0
EnvB2, B, 11, 2, 0, 0
EnvB2, B, 11, 3, 0, 0
EnvB2, B, 12, 1, 0, 0
EnvB2, B, 12, 2, 0, 0
EnvB2, B, 12, 3, 0, 0
EnvB2, B, 13, 1, 0, 0
EnvB2, B, 13, 2, 0, 0
EnvB2, B, 13, 3, 0, 0
EnvB2, B, 15, 1, 0, 0
EnvB2, B, 15, 2, 0, 0
EnvB2, B, 15, 3, 0, 0
EnvB2, B, 16, 1, 0, 0
EnvB2, B, 16, 2, 0, 0
EnvB2, B, 16, 3, 0, 0
EnvB2, B, 17, 1, 0, 0
EnvB2, B, 17, 2, 0, 0
EnvB2, B, 17, 3, 0, 0
EnvB2, B, 18, 1, 0, 0
EnvB2, B, 18, 2, 0, 0
EnvB2, B, 18, 3, 0, 0
b31, B, 0, 1, 0, 0
b31, B, 0, 2, 0, 0
b31, B, 0, 3, 0, 0
b31, B, 1, 1, 0, 0
b31, B, 1, 2, 0, 0
b31, B, 1, 3, 0, 0
b31, B, 2, 1, 0, 0
b31, B, 2, 2, 0, 0
b31, B, 2, 3, 0, 0
b31, B, 3, 1, 0, 0
b31, B, 3, 2, 0, 0
b31, B, 3, 3, 0, 0
b31, B, 4, 1, 0, 0
b31, B, 4, 2, 0, 0
b31, B, 4, 3, 0, 0
b31, B, 5, 1, 0, 0
b31, B, 5, 2, 0, 0
b31, B, 5, 3, 0, 0
b31, B, 6, 1, 0, 0
b31, B, 6, 2, 0, 0
b31, B, 6, 3, 0, 0
b31, B, 7, 1, 0, 0
b31, B, 7, 2, 0, 0
b31, B, 7, 3, 0, 0
b31, B, 8, 1, 0, 0
b31, B, 8, 2, 0, 0
b31, B, 8, 3, 0, 0
b31, B, 9, 1, 0, 0
b31, B, 9, 2, 0, 0
b31, B, 9, 3, 0, 0
b31, B, 10, 1, 0, 0
b31, B, 10, 2, 0, 0
b31, B, 10, 3, 0, 0
b31, B, 11, 1, 0, 0
b31, B, 11, 2, 0, 0
b31, B, 11, 3, 0, 0
b31, B, 12, 1, 0, 0
b31, B, 12, 2, 0, 0
b31, B, 12, 3, 0, 0
b31, B, 13, 1, 0, 0
b31, B, 13, 2, 0, 0
b31, B, 13, 3, 0, 0
b31, B, 15, 1, 0, 0
b31, B, 15, 2, 0, 0
b31, B, 15, 3, 0, 0
b31, B, 16, 1, 0, 0
b31, B, 16, 2, 0, 0
b31, B, 16, 3, 0, 0
b31, B, 17, 1, 0, 0
b31, B, 17, 2, 0, 0
b31, B, 17, 3, 0, 0
b31, B, 18, 1, 0, 0
b31, B, 18, 2, 0, 0
b31, B, 18, 3, 0, 0 
b32, B, 0, 1, 0, 0
b32, B, 0, 2, 0, 0
b32, B, 0, 3, 0, 0
b32, B, 1, 1, 0, 0
b32, B, 1, 2, 0, 0
b32, B, 1, 3, 0, 0
b32, B, 2, 1, 0, 0
b32, B, 2, 2, 0, 0
b32, B, 2, 3, 0, 0
b32, B, 3, 1, 0, 0
b32, B, 3, 2, 0, 0
b32, B, 3, 3, 0, 0
b32, B, 4, 1, 0, 0
b32, B, 4, 2, 0, 0
b32, B, 4, 3, 0, 0
b32, B, 5, 1, 0, 0
b32, B, 5, 2, 0, 0
b32, B, 5, 3, 0, 0
b32, B, 6, 1, 0, 0
b32, B, 6, 2, 0, 0
b32, B, 6, 3, 0, 0
b32, B, 7, 1, 0, 0
b32, B, 7, 2, 0, 0
b32, B, 7, 3, 0, 0
b32, B, 8, 1, 0, 0
b32, B, 8, 2, 0, 0
b32, B, 8, 3, 0, 0
b32, B, 9, 1, 0, 0
b32, B, 9, 2, 0, 0
b32, B, 9, 3, 0, 0
b32, B, 10, 1, 0, 0
b32, B, 10, 2, 0, 0
b32, B, 10, 3, 0, 0
b32, B, 11, 1, 0, 0
b32, B, 11, 2, 0, 0
b32, B, 11, 3, 0, 0
b32, B, 12, 1, 0, 0
b32, B, 12, 2, 0, 0
b32, B, 12, 3, 0, 0
b32, B, 13, 1, 0, 0
b32, B, 13, 2, 0, 0
b32, B, 13, 3, 0, 0
b32, B, 15, 1, 0, 0
b32, B, 15, 2, 0, 0
b32, B, 15, 3, 0, 0
b32, B, 16, 1, 0, 0
b32, B, 16, 2, 0, 0
b32, B, 16, 3, 0, 0
b32, B, 17, 1, 0, 0
b32, B, 17, 2, 0, 0
b32, B, 17, 3, 0, 0
b32, B, 18, 1, 0, 0
b32, B, 18, 2, 0, 0
b32, B, 18, 3, 0, 0
b33, B, 0, 1, 0, 0
b33, B, 0, 2, 0, 0
b33, B, 0, 3, 0, 0
b33, B, 1, 1, 0, 0
b33, B, 1, 2, 0, 0
b33, B, 1, 3, 0, 0
b33, B, 2, 1, 0, 0
b33, B, 2, 2, 0, 0
b33, B, 2, 3, 0, 0
b33, B, 3, 1, 0, 0
b33, B, 3, 2, 0, 0
b33, B, 3, 3, 0, 0
b33, B, 4, 1, 0, 0
b33, B, 4, 2, 0, 0
b33, B, 4, 3, 0, 0
b33, B, 5, 1, 0, 0
b33, B, 5, 2, 0, 0
b33, B, 5, 3, 0, 0
b33, B, 6, 1, 0, 0
b33, B, 6, 2, 0, 0
b33, B, 6, 3, 0, 0
b33, B, 7, 1, 0, 0
b33, B, 7, 2, 0, 0
b33, B, 7, 3, 0, 0
b33, B, 8, 1, 0, 0
b33, B, 8, 2, 0, 0
b33, B, 8, 3, 0, 0
b33, B, 9, 1, 0, 0
b33, B, 9, 2, 0, 0
b33, B, 9, 3, 0, 0
b33, B, 10, 1, 0, 0
b33, B, 10, 2, 0, 0
b33, B, 10, 3, 0, 0
b33, B, 11, 1, 0, 0
b33, B, 11, 2, 0, 0
b33, B, 11, 3, 0, 0
b33, B, 12, 1, 0, 0
b33, B, 12, 2, 0, 0
b33, B, 12, 3, 0, 0
b33, B, 13, 1, 0, 0
b33, B, 13, 2, 0, 0
b33, B, 13, 3, 0, 0
b33, B, 15, 1, 0, 0
b33, B, 15, 2, 0, 0
b33, B, 15, 3, 0, 0
b33, B, 16, 1, 0, 0
b33, B, 16, 2, 0, 0
b33, B, 16, 3, 0, 0
b33, B, 17, 1, 0, 0
b33, B, 17, 2, 0, 0
b33, B, 17, 3, 0, 0
b33, B, 18, 1, 0, 0
b33, B, 18, 2, 0, 0
b33, B, 18, 3, 0, 0
b34, B, 0, 1, 0, 0
b34, B, 0, 2, 0, 0
b34, B, 0, 3, 0, 0
b34, B, 1, 1, 0, 0
b34, B, 1, 2, 0, 0
b34, B, 1, 3, 0, 0
b34, B, 2, 1, 0, 0
b34, B, 2, 2, 0, 0
b34, B, 2, 3, 0, 0
b34, B, 3, 1, 0, 0
b34, B, 3, 2, 0, 0
b34, B, 3, 3, 0, 0
b34, B, 4, 1, 0, 0
b34, B, 4, 2, 0, 0
b34, B, 4, 3, 0, 0
b34, B, 5, 1, 0, 0
b34, B, 5, 2, 0, 0
b34, B, 5, 3, 0, 0
b34, B, 6, 1, 0, 0
b34, B, 6, 2, 0, 0
b34, B, 6, 3, 0, 0
b34, B, 7, 1, 0, 0
b34, B, 7, 2, 0, 0
b34, B, 7, 3, 0, 0
b34, B, 8, 1, 0, 0
b34, B, 8, 2, 0, 0
b34, B, 8, 3, 0, 0
b34, B, 9, 1, 0, 0
b34, B, 9, 2, 0, 0
b34, B, 9, 3, 0, 0
b34, B, 10, 1, 0, 0
b34, B, 10, 2, 0, 0
b34, B, 10, 3, 0, 0
b34, B, 11, 1, 0, 0
b34, B, 11, 2, 0, 0
b34, B, 11, 3, 0, 0
b34, B, 12, 1, 0, 0
b34, B, 12, 2, 0, 0
b34, B, 12, 3, 0, 0
b34, B, 13, 1, 0, 0
b34, B, 13, 2, 0, 0
b34, B, 13, 3, 0, 0
b34, B, 15, 1, 0, 0
b34, B, 15, 2, 0, 0
b34, B, 15, 3, 0, 0
b34, B, 16, 1, 0, 0
b34, B, 16, 2, 0, 0
b34, B, 16, 3, 0, 0
b34, B, 17, 1, 0, 0
b34, B, 17, 2, 0, 0
b34, B, 17, 3, 0, 0
b34, B, 18, 1, 0, 0
b34, B, 18, 2, 0, 0
b34, B, 18, 3, 0, 0
b35, B, 0, 1, 0, 0
b35, B, 0, 2, 0, 0
b35, B, 0, 3, 0, 0
b35, B, 1, 1, 0, 0
b35, B, 1, 2, 0, 0
b35, B, 1, 3, 0, 0
b35, B, 2, 1, 0, 0
b35, B, 2, 2, 0, 0
b35, B, 2, 3, 0, 0
b35, B, 3, 1, 0, 0
b35, B, 3, 2, 0, 0
b35, B, 3, 3, 0, 0
b35, B, 4, 1, 0, 0
b35, B, 4, 2, 0, 0
b35, B, 4, 3, 0, 0
b35, B, 5, 1, 0, 0
b35, B, 5, 2, 0, 0
b35, B, 5, 3, 0, 0
b35, B, 6, 1, 0, 0
b35, B, 6, 2, 0, 0
b35, B, 6, 3, 0, 0
b35, B, 7, 1, 0, 0
b35, B, 7, 2, 0, 0
b35, B, 7, 3, 0, 0
b35, B, 8, 1, 0, 0
b35, B, 8, 2, 0, 0
b35, B, 8, 3, 0, 0
b35, B, 9, 1, 0, 0
b35, B, 9, 2, 0, 0
b35, B, 9, 3, 0, 0
b35, B, 10, 1, 0, 0
b35, B, 10, 2, 0, 0
b35, B, 10, 3, 0, 0
b35, B, 11, 1, 0, 0
b35, B, 11, 2, 0, 0
b35, B, 11, 3, 0, 0
b35, B, 12, 1, 0, 0
b35, B, 12, 2, 0, 0
b35, B, 12, 3, 0, 0
b35, B, 13, 1, 0, 0
b35, B, 13, 2, 0, 0
b35, B, 13, 3, 0, 0
b35, B, 15, 1, 0, 0
b35, B, 15, 2, 0, 0
b35, B, 15, 3, 0, 0
b35, B, 16, 1, 0, 0
b35, B, 16, 2, 0, 0
b35, B, 16, 3, 0, 0
b35, B, 17, 1, 0, 0
b35, B, 17, 2, 0, 0
b35, B, 17, 3, 0, 0
b35, B, 18, 1, 0, 0
b35, B, 18, 2, 0, 0
b35, B, 18, 3, 0, 0
EnvB3, B, 0, 1, 0, NA
EnvB3, B, 0, 2, 0, NA
EnvB3, B, 0, 3, 0, NA
EnvB3, B, 1, 1, 3000, NA
EnvB3, B, 1, 2, 4000, NA
EnvB3, B, 1, 3, 6000, NA
EnvB3, B, 2, 1, 1000, NA
EnvB3, B, 2, 2, 4000, NA
EnvB3, B, 2, 3, 1000, NA
EnvB3, B, 3, 1, 3000, NA
EnvB3, B, 3, 2, 0, NA
EnvB3, B, 3, 3, 0, NA
EnvB3, B, 4, 1, 100, NA
EnvB3, B, 4, 2, 0, NA
EnvB3, B, 4, 3, 0, NA
EnvB3, B, 5, 1, 200, NA
EnvB3, B, 5, 2, 0, NA
EnvB3, B, 5, 3, 0, NA
EnvB3, B, 6, 1, 100, NA
EnvB3, B, 6, 2, 0, NA
EnvB3, B, 6, 3, 0, NA
EnvB3, B, 7, 1, 100, NA
EnvB3, B, 7, 2, 200, NA
EnvB3, B, 7, 3, 100, NA
EnvB3, B, 8, 1, 100, NA
EnvB3, B, 8, 2, 0, NA
EnvB3, B, 8, 3, 0, NA
EnvB3, B, 9, 1, 0, 0
EnvB3, B, 9, 2, 0, 0
EnvB3, B, 9, 3, 0, 0
EnvB3, B, 10, 1, 0, 0
EnvB3, B, 10, 2, 0, 0
EnvB3, B, 10, 3, 0, 0
EnvB3, B, 11, 1, 0, 0
EnvB3, B, 11, 2, 0, 0
EnvB3, B, 11, 3, 0, 0
EnvB3, B, 12, 1, 0, 0
EnvB3, B, 12, 2, 0, 0
EnvB3, B, 12, 3, 0, 0
EnvB3, B, 13, 1, 0, 0
EnvB3, B, 13, 2, 0, 0
EnvB3, B, 13, 3, 0, 0
EnvB3, B, 15, 1, 0, 0
EnvB3, B, 15, 2, 0, 0
EnvB3, B, 15, 3, 0, 0
EnvB3, B, 16, 1, 0, 0
EnvB3, B, 16, 2, 0, 0
EnvB3, B, 16, 3, 0, 0
EnvB3, B, 17, 1, 0, 0
EnvB3, B, 17, 2, 0, 0
EnvB3, B, 17, 3, 0, 0
EnvB3, B, 18, 1, 0, 0
EnvB3, B, 18, 2, 0, 0
EnvB2, B, 18, 3, 0, 0
c21, C, 0, 1, 0, NA
c21, C, 0, 2, 0, NA
c21, C, 0, 3, 0, NA
c21, C, 1, 1, 0, 10
c21, C, 1, 2, 0, 10
c21, C, 1, 3, 0, 10
c21, C, 2, 1, 0, 0
c21, C, 2, 2, 0, 0
c21, C, 2, 3, 0, 0
c21, C, 3, 1, 0, 0
c21, C, 3, 2, 0, 0
c21, C, 3, 3, 0, 0
c21, C, 4, 1, 0, 0
c21, C, 4, 2, 0, 0
c21, C, 4, 3, 0, 0
c21, C, 5, 1, 0, 0
c21, C, 5, 2, 0, 0
c21, C, 5, 3, 0, 0
c21, C, 6, 1, 0, 0
c21, C, 6, 2, 0, 0
c21, C, 6, 3, 0, 0
c21, C, 7, 1, 0, 0
c21, C, 7, 2, 0, 0
c21, C, 7, 3, 0, 0
c21, C, 8, 1, 400, NA
c21, C, 8, 2, 300, NA
c21, C, 8, 3, 100, NA
c21, C, 9, 1, 0, 0
c21, C, 9, 2, 0, 0
c21, C, 9, 3, 0, 0
c21, C, 10, 1, 0, 0
c21, C, 10, 2, 0, 0
c21, C, 10, 3, 0, 0
c21, C, 11, 1, 0, 10
c21, C, 11, 2, 0, 10
c21, C, 11, 3, 0, 10
c21, C, 12, 1, 0, 0
c21, C, 12, 2, 0, 0
c21, C, 12, 3, 0, 0
c21, C, 13, 1, 0, 0
c21, C, 13, 2, 0, 0
c21, C, 13, 3, 0, 0
c21, C, 15, 1, 0, 0
c21, C, 15, 2, 0, 0
c21, C, 15, 3, 0, 0
c21, C, 16, 1, 0, 0
c21, C, 16, 2, 0, 0
c21, C, 16, 3, 0, 0
c21, C, 17, 1, 0, NA
c21, C, 17, 2, 100, NA
c21, C, 17, 3, 0, NA
c21, C, 18, 1, 0, NA
c21, C, 18, 2, 100, NA
c21, C, 18, 3, 200, NA
c22, C, 0, 1, 0, NA
c22, C, 0, 2, 0, NA
c22, C, 0, 3, 0, NA
c22, C, 1, 1, 0, 0
c22, C, 1, 2, 0, 0
c22, C, 1, 3, 0, 0
c22, C, 2, 1, 0, 10
c22, C, 2, 2, 0, 10
c22, C, 2, 3, 0, 10
c22, C, 3, 1, 0, 10
c22, C, 3, 2, 0, 10
c22, C, 3, 3, 0, 10
c22, C, 4, 1, 0, 0
c22, C, 4, 2, 0, 0
c22, C, 4, 3, 0, 0
c22, C, 5, 1, 0, 0
c22, C, 5, 2, 0, 0
c22, C, 5, 3, 0, 0
c22, C, 6, 1, 0, 10
c22, C, 6, 2, 0, 10
c22, C, 6, 3, 0, 10
c22, C, 7, 1, 0, 0
c22, C, 7, 2, 0, 0
c22, C, 7, 3, 0, 0
c22, C, 8, 1, 0, 0
c22, C, 8, 2, 0, 0
c22, C, 8, 3, 0, 0
c22, C, 9, 1, 0, 10
c22, C, 9, 2, 0, 10
c22, C, 9, 3, 0, 10
c22, C, 10, 1, 0, 10
c22, C, 10, 2, 0, 10
c22, C, 10, 3, 0, 10
c22, C, 11, 1, 0, 10
c22, C, 11, 2, 0, 10
c22, C, 11, 3, 0, 10
c22, C, 12, 1, 200, NA
c22, C, 12, 2, 0, NA
c22, C, 12, 3, 200, NA
c22, C, 13, 1, 0, NA
c22, C, 13, 2, 0, NA
c22, C, 13, 3, 100, NA
c22, C, 15, 1, 0, 10
c22, C, 15, 2, 0, 10
c22, C, 15, 3, 0, 10
c22, C, 16, 1, 0, NA
c22, C, 16, 2, 0, NA
c22, C, 16, 3, 200, NA
c22, C, 17, 1, 2300, NA
c22, C, 17, 2, 1300, NA
c22, C, 17, 3, 1200, NA
c22, C, 18, 1, 3900, NA
c22, C, 18, 2, 3800, NA
c22, C, 18, 3, 3100, NA
c23, C, 0, 1, 0, NA
c23, C, 0, 2, 0, NA
c23, C, 0, 3, 0, NA
c23, C, 1, 1, 0, 0
c23, C, 1, 2, 0, 0
c23, C, 1, 3, 0, 0
c23, C, 2, 1, 0, 0
c23, C, 2, 2, 0, 0
c23, C, 2, 3, 0, 0
c23, C, 3, 1, 0, 0
c23, C, 3, 2, 0, 0
c23, C, 3, 3, 0, 0
c23, C, 4, 1, 0, 0
c23, C, 4, 2, 0, 0
c23, C, 4, 3, 0, 0
c23, C, 5, 1, 0, 0
c23, C, 5, 2, 0, 0
c23, C, 5, 3, 0, 0
c23, C, 6, 1, 0, 0
c23, C, 6, 2, 0, 0
c23, C, 6, 3, 0, 0
c23, C, 7, 1, 0, 0
c23, C, 7, 2, 0, 0
c23, C, 7, 3, 0, 0
c23, C, 8, 1, 0, 0
c23, C, 8, 2, 0, 0
c23, C, 8, 3, 0, 0
c23, C, 9, 1, 0, 0
c23, C, 9, 2, 0, 0
c23, C, 9, 3, 0, 0
c23, C, 10, 1, 0, 0
c23, C, 10, 2, 0, 0
c23, C, 10, 3, 0, 0
c23, C, 11, 1, 0, 0
c23, C, 11, 2, 0, 0
c23, C, 11, 3, 0, 0
c23, C, 12, 1, 300, NA
c23, C, 12, 2, 0, NA
c23, C, 12, 3, 100, NA
c23, C, 13, 1, 0, NA
c23, C, 13, 2, 100, NA
c23, C, 13, 3, 0, NA
c23, C, 15, 1, 300, NA
c23, C, 15, 2, 0, NA
c23, C, 15, 3, 100, NA
c23, C, 16, 1, 0, 0
c23, C, 16, 2, 0, 0
c23, C, 16, 3, 0, 0
c23, C, 17, 1, 4000, NA
c23, C, 17, 2, 6400, NA
c23, C, 17, 3, 5200, NA
c23, C, 18, 1, 212000, NA
c23, C, 18, 2, 211000, NA
c23, C, 18, 3, 224000, NA
c24, C, 0, 1, 0, NA
c24, C, 0, 2, 0, NA
c24, C, 0, 3, 0, NA
c24, C, 1, 1, 0, 0
c24, C, 1, 2, 0, 0
c24, C, 1, 3, 0, 0
c24, C, 2, 1, 0, 0
c24, C, 2, 2, 0, 0
c24, C, 2, 3, 0, 0
c24, C, 3, 1, 0, 10
c24, C, 3, 2, 0, 10
c24, C, 3, 3, 0, 10
c24, C, 4, 1, 100, NA
c24, C, 4, 2, 100, NA
c24, C, 4, 3, 0, NA
c24, C, 5, 1, 0, 10
c24, C, 5, 2, 0, 10
c24, C, 5, 3, 0, 10
c24, C, 6, 1, 5500, NA
c24, C, 6, 2, 5800, NA
c24, C, 6, 3, 5000, NA
c24, C, 7, 1, 36000, NA
c24, C, 7, 2, 27000, NA
c24, C, 7, 3, 33000, NA
c24, C, 8, 1, 17000, NA
c24, C, 8, 2, 24000, NA
c24, C, 8, 3, 14000, NA
c24, C, 9, 1, 43000, NA
c24, C, 9, 2, 50000, NA
c24, C, 9, 3, 49000, NA
c24, C, 10, 1, 275000, NA
c24, C, 10, 2, 298000, NA
c24, C, 10, 3, 297000, NA
c24, C, 11, 1, 80000, NA
c24, C, 11, 2, 50000, NA
c24, C, 11, 3, 50000, NA
c24, C, 12, 1, 128000, NA
c24, C, 12, 2, 118000, NA
c24, C, 12, 3, 121000, NA
c24, C, 13, 1, 20000, NA
c24, C, 13, 2, 10000, NA
c24, C, 13, 3, 20000, NA
c24, C, 15, 1, 301000, NA
c24, C, 15, 2, 279000, NA
c24, C, 15, 3, 403000, NA
c24, C, 16, 1, 20000, NA
c24, C, 16, 2, 0, NA
c24, C, 16, 3, 10000, NA
c24, C, 17, 1, 1000, NA
c24, C, 17, 2, 2000, NA
c24, C, 17, 3, 0, NA
c24, C, 18, 1, 0, NA
c24, C, 18, 2, 100, NA
c24, C, 18, 3, 500, NA
c25, C, 0, 1, 0, NA
c25, C, 0, 2, 0, NA
c25, C, 0, 3, 0, NA
c25, C, 1, 1, 0, 10
c25, C, 1, 2, 0, 10
c25, C, 1, 3, 0, 10
c25, C, 2, 1, 0, 0
c25, C, 2, 2, 0, 0
c25, C, 2, 3, 0, 0
c25, C, 3, 1, 100, NA
c25, C, 3, 2, 0, NA
c25, C, 3, 3, 0, NA
c25, C, 4, 1, 0, 0
c25, C, 4, 2, 0, 0
c25, C, 4, 3, 0, 0
c25, C, 5, 1, 0, 10
c25, C, 5, 2, 0, 10
c25, C, 5, 3, 0, 10
c25, C, 6, 1, 0, 0
c25, C, 6, 2, 0, 0
c25, C, 6, 3, 0, 0
c25, C, 7, 1, 0, 0
c25, C, 7, 2, 0, 0
c25, C, 7, 3, 0, 0
c25, C, 8, 1, 0, 0
c25, C, 8, 2, 0, 0
c25, C, 8, 3, 0, 0
c25, C, 9, 1, 0, 0
c25, C, 9, 2, 0, 0
c25, C, 9, 3, 0, 0
c25, C, 10, 1, 0, 10
c25, C, 10, 2, 0, 10
c25, C, 10, 3, 0, 10
c25, C, 11, 1, 0, NA
c25, C, 11, 2, 100, NA
c25, C, 11, 3, 0, NA
c25, C, 12, 1, 200, NA
c25, C, 12, 2, 0, NA
c25, C, 12, 3, 0, NA
c25, C, 13, 1, 0, NA
c25, C, 13, 2, 0, NA
c25, C, 13, 3, 300, NA
c25, C, 15, 1, 82400, NA
c25, C, 15, 2, 92800, NA
c25, C, 15, 3, 88800, NA
c25, C, 16, 1, 110000, NA
c25, C, 16, 2, 90000, NA
c25, C, 16, 3, 20000, NA
c25, C, 17, 1, 1000, NA
c25, C, 17, 2, 3000, NA
c25, C, 17, 3, 2000, NA
c25, C, 18, 1, 35500, NA
c25, C, 18, 2, 30300, NA
c25, C, 18, 3, 32900, NA
EnvC2, C, 0, 1, 0, NA
EnvC2, C, 0, 2, 0, NA
EnvC2, C, 0, 3, 0, NA
EnvC2, C, 1, 1, 870000, NA
EnvC2, C, 1, 2, 940000, NA
EnvC2, C, 1, 3, 930000, NA
EnvC2, C, 2, 1, 370000, NA
EnvC2, C, 2, 2, 270000, NA
EnvC2, C, 2, 3, 290000, NA
EnvC2, C, 3, 1, 3000, NA
EnvC2, C, 3, 2, 11000, NA
EnvC2, C, 3, 3, 5000, NA
EnvC2, C, 4, 1, 47000, NA
EnvC2, C, 4, 2, 45000, NA
EnvC2, C, 4, 3, 46000, NA
EnvC2, C, 5, 1, 52000, NA
EnvC2, C, 5, 2, 53000, NA
EnvC2, C, 5, 3, 48000, NA
EnvC2, C, 6, 1, 21000, NA
EnvC2, C, 6, 2, 19000, NA
EnvC2, C, 6, 3, 22000, NA
EnvC2, C, 7, 1, 22000, NA
EnvC2, C, 7, 2, 23000, NA
EnvC2, C, 7, 3, 22000, NA
EnvC2, C, 8, 1, 23000, NA
EnvC2, C, 8, 2, 29000, NA
EnvC2, C, 8, 3, 43000, NA
EnvC2, C, 9, 1, 18000, NA
EnvC2, C, 9, 2, 37000, NA
EnvC2, C, 9, 3, 42000, NA
EnvC2, C, 10, 1, 44000, NA
EnvC2, C, 10, 2, 33000, NA
EnvC2, C, 10, 3, 38000, NA
EnvC2, C, 11, 1, 44000, NA
EnvC2, C, 11, 2, 25000, NA
EnvC2, C, 11, 3, 44000, NA
EnvC2, C, 12, 1, 37000, NA
EnvC2, C, 12, 2, 42000, NA
EnvC2, C, 12, 3, 47000, NA
EnvC2, C, 13, 1, 10000, NA
EnvC2, C, 13, 2, 20000, NA
EnvC2, C, 13, 3, 17000, NA
EnvC2, C, 15, 1, 48000, NA
EnvC2, C, 15, 2, 49000, NA
EnvC2, C, 15, 3, 36000, NA
EnvC2, C, 16, 1, 95000, NA
EnvC2, C, 16, 2, 115000, NA
EnvC2, C, 16, 3, 84000, NA
EnvC2, C, 17, 1, 540000, NA
EnvC2, C, 17, 2, 560000, NA
EnvC2, C, 17, 3, 510000, NA
EnvC2, C, 18, 1, 30000, NA
EnvC2, C, 18, 2, 100000, NA
EnvC2, C, 18, 3, 40000, NA
c31, C, 0, 1, 0, NA
c31, C, 0, 2, 0, NA
c31, C, 0, 3, 0, NA
c31, C, 1, 1, 0, 0
c31, C, 1, 2, 0, 0
c31, C, 1, 3, 0, 0
c31, C, 2, 1, 0, 0
c31, C, 2, 2, 0, 0
c31, C, 2, 3, 0, 0
c31, C, 3, 1, 100, NA
c31, C, 3, 2, 0, NA
c31, C, 3, 3, 0, NA
c31, C, 4, 1, 100, NA
c31, C, 4, 2, 0, NA
c31, C, 4, 3, 200, NA
c31, C, 5, 1, 2300, NA
c31, C, 5, 2, 2700, NA
c31, C, 5, 3, 2200, NA
c31, C, 6, 1, 180000, NA
c31, C, 6, 2, 242400, NA
c31, C, 6, 3, 208400, NA
c31, C, 7, 1, 1640000, NA
c31, C, 7, 2, 1010000, NA
c31, C, 7, 3, 1330000, NA
c31, C, 8, 1, 800000, NA
c31, C, 8, 2, 1100000, NA
c31, C, 8, 3, 400000, NA
c31, C, 9, 1, 10000, NA
c31, C, 9, 2, 10000, NA
c31, C, 9, 3, 10000, NA
c31, C, 10, 1, 0, NA
c31, C, 10, 2, 0, NA
c31, C, 10, 3, 2000, NA
c31, C, 11, 1, 700, NA
c31, C, 11, 2, 700, NA
c31, C, 11, 3, 400, NA
c31, C, 12, 1, 200, NA
c31, C, 12, 2, 400, NA
c31, C, 12, 3, 500, NA
c31, C, 13, 1, 200, NA
c31, C, 13, 2, 100, NA
c31, C, 13, 3, 200, NA
c31, C, 15, 1, 100, NA
c31, C, 15, 2, 0, NA
c31, C, 15, 3, 300, NA
c31, C, 16, 1, 100, NA
c31, C, 16, 2, 400, NA
c31, C, 16, 3, 400, NA
c31, C, 17, 1, 200, NA
c31, C, 17, 2, 100, NA
c31, C, 17, 3, 0, NA
c31, C, 18, 1, 600, NA
c31, C, 18, 2, 600, NA
c31, C, 18, 3, 400, NA
c32, C, 0, 1, 0, NA
c32, C, 0, 2, 0, NA
c32, C, 0, 3, 0, NA
c32, C, 1, 1, 0, 0
c32, C, 1, 2, 0, 0
c32, C, 1, 3, 0, 0
c32, C, 2, 1, 0, 0
c32, C, 2, 2, 0, 0
c32, C, 2, 3, 0, 0
c32, C, 3, 1, 0, 10
c32, C, 3, 2, 0, 10
c32, C, 3, 3, 0, 10
c32, C, 4, 1, 0, 10
c32, C, 4, 2, 0, 10
c32, C, 4, 3, 0, 10
c32, C, 5, 1, 0, 10
c32, C, 5, 2, 0, 10
c32, C, 5, 3, 0, 10
c32, C, 6, 1, 200, NA
c32, C, 6, 2, 200, NA
c32, C, 6, 3, 100, NA
c32, C, 7, 1, 0, 10
c32, C, 7, 2, 0, 10
c32, C, 7, 3, 0, 10
c32, C, 8, 1, 0, NA
c32, C, 8, 2, 200, NA
c32, C, 8, 3, 100, NA
c32, C, 9, 1, 0, NA
c32, C, 9, 2, 0, NA
c32, C, 9, 3, 300, NA
c32, C, 10, 1, 200, NA
c32, C, 10, 2, 400, NA
c32, C, 10, 3, 300, NA
c32, C, 11, 1, 2400, NA
c32, C, 11, 2, 2500, NA
c32, C, 11, 3, 2000, NA
c32, C, 12, 1, 2200, NA
c32, C, 12, 2, 3400, NA
c32, C, 12, 3, 3400, NA
c32, C, 13, 1, 3900, NA
c32, C, 13, 2, 3300, NA
c32, C, 13, 3, 2800, NA
c32, C, 15, 1, 82600, NA
c32, C, 15, 2, 79200, NA
c32, C, 15, 3, 92200, NA
c32, C, 16, 1, 10000, NA
c32, C, 16, 2, 20000, NA
c32, C, 16, 3, 10000, NA
c32, C, 17, 1, 43000, NA
c32, C, 17, 2, 51000, NA
c32, C, 17, 3, 50000, NA
c32, C, 18, 1, 115000, NA
c32, C, 18, 2, 94000, NA
c32, C, 18, 3, 94000, NA
c33, C, 0, 1, 0, NA
c33, C, 0, 2, 0, NA
c33, C, 0, 3, 0, NA
c33, C, 1, 1, 0, 0
c33, C, 1, 2, 0, 0
c33, C, 1, 3, 0, 0
c33, C, 2, 1, 0, NA
c33, C, 2, 2, 100, NA
c33, C, 2, 3, 200, NA
c33, C, 3, 1, 400, NA
c33, C, 3, 2, 300, NA
c33, C, 3, 3, 300, NA
c33, C, 4, 1, 600, NA
c33, C, 4, 2, 900, NA
c33, C, 4, 3, 500, NA
c33, C, 5, 1, 100, NA
c33, C, 5, 2, 0, NA
c33, C, 5, 3, 0, NA
c33, C, 6, 1, 300, NA
c33, C, 6, 2, 700, NA
c33, C, 6, 3, 500, NA
c33, C, 7, 1, 300, NA
c33, C, 7, 2, 200, NA
c33, C, 7, 3, 100, NA
c33, C, 8, 1, 900, NA
c33, C, 8, 2, 700, NA
c33, C, 8, 3, 700, NA
c33, C, 9, 1, 300, NA
c33, C, 9, 2, 400, NA
c33, C, 9, 3, 100, NA
c33, C, 10, 1, 300, NA
c33, C, 10, 2, 0, NA
c33, C, 10, 3, 0, NA
c33, C, 11, 1, 200, NA
c33, C, 11, 2, 100, NA
c33, C, 11, 3, 0, NA
c33, C, 12, 1, 3000, NA
c33, C, 12, 2, 3800, NA
c33, C, 12, 3, 2700, NA
c33, C, 13, 1, 1000, NA
c33, C, 13, 2, 600, NA
c33, C, 13, 3, 700, NA
c33, C, 15, 1, 900, NA
c33, C, 15, 2, 200, NA
c33, C, 15, 3, 200, NA
c33, C, 16, 1, 0, NA
c33, C, 16, 2, 400, NA
c33, C, 16, 3, 200, NA
c33, C, 17, 1, 0, 10
c33, C, 17, 2, 0, 10
c33, C, 17, 3, 0, 10
c33, C, 18, 1, 400, NA
c33, C, 18, 2, 400, NA
c33, C, 18, 3, 100, NA
c34, C, 0, 1, 0, NA
c34, C, 0, 2, 0, NA
c34, C, 0, 3, 0, NA
c34, C, 1, 1, 0, 10
c34, C, 1, 2, 0, 10
c34, C, 1, 3, 0, 10
c34, C, 2, 1, 0, NA
c34, C, 2, 2, 100, NA
c34, C, 2, 3, 0, NA
c34, C, 3, 1, 200, NA
c34, C, 3, 2, 0, NA
c34, C, 3, 3, 0, NA
c34, C, 4, 1, 0, 10
c34, C, 4, 2, 0, 10
c34, C, 4, 3, 0, 10
c34, C, 5, 1, 300, NA
c34, C, 5, 2, 200, NA
c34, C, 5, 3, 600, NA
c34, C, 6, 1, 2900, NA
c34, C, 6, 2, 4000, NA
c34, C, 6, 3, 3400, NA
c34, C, 7, 1, 500, NA
c34, C, 7, 2, 600, NA
c34, C, 7, 3, 300, NA
c34, C, 8, 1, 100, NA
c34, C, 8, 2, 100, NA
c34, C, 8, 3, 0, NA
c34, C, 9, 1, 0, NA
c34, C, 9, 2, 0, NA
c34, C, 9, 3, 200, NA
c34, C, 10, 1, 0, NA
c34, C, 10, 2, 100, NA
c34, C, 10, 3, 0, NA
c34, C, 11, 1, 0, NA
c34, C, 11, 2, 100, NA
c34, C, 11, 3, 0, NA
c34, C, 12, 1, 0, 10
c34, C, 12, 2, 0, 10
c34, C, 12, 3, 0, 10
c34, C, 13, 1, 100, NA
c34, C, 13, 2, 0, NA
c34, C, 13, 3, 0, NA
c34, C, 15, 1, 0, NA
c34, C, 15, 2, 0, NA
c34, C, 15, 3, 200, NA
c34, C, 16, 1, 0, 10
c34, C, 16, 2, 0, 10
c34, C, 16, 3, 0, 10
c34, C, 17, 1, 0, 10
c34, C, 17, 2, 0, 10
c34, C, 17, 3, 0, 10
c34, C, 18, 1, 0, 0
c34, C, 18, 2, 0, 0
c34, C, 18, 3, 0, 0
c35, C, 0, 1, 0, NA
c35, C, 0, 2, 0, NA
c35, C, 0, 3, 0, NA
c35, C, 1, 1, 0, 0
c35, C, 1, 2, 0, 0
c35, C, 1, 3, 0, 0
c35, C, 2, 1, 0, 0
c35, C, 2, 2, 0, 0
c35, C, 2, 3, 0, 0
c35, C, 3, 1, 0, 10
c35, C, 3, 2, 0, 10
c35, C, 3, 3, 0, 10
c35, C, 4, 1, 200, NA
c35, C, 4, 2, 0, NA
c35, C, 4, 3, 100, NA
c35, C, 5, 1, 4300, NA
c35, C, 5, 2, 5500, NA
c35, C, 5, 3, 5200, NA
c35, C, 6, 1, 10200, NA
c35, C, 6, 2, 8300, NA
c35, C, 6, 3, 10300, NA
c35, C, 7, 1, 80000, NA
c35, C, 7, 2, 71000, NA
c35, C, 7, 3, 54000, NA
c35, C, 8, 1, 20000, NA
c35, C, 8, 2, 40000, NA
c35, C, 8, 3, 20000, NA
c35, C, 9, 1, 94000, NA
c35, C, 9, 2, 90000, NA
c35, C, 9, 3, 115000, NA
c35, C, 10, 1, 33000, NA
c35, C, 10, 2, 47000, NA
c35, C, 10, 3, 48000, NA
c35, C, 11, 1, 15000, NA
c35, C, 11, 2, 17000, NA
c35, C, 11, 3, 21000, NA
c35, C, 12, 1, 220000, NA
c35, C, 12, 2, 240000, NA
c35, C, 12, 3, 140000, NA
c35, C, 13, 1, 30000, NA
c35, C, 13, 2, 20000, NA
c35, C, 13, 3, 0, NA
c35, C, 15, 1, 56000, NA
c35, C, 15, 2, 61000, NA
c35, C, 15, 3, 41000, NA
c35, C, 16, 1, 9000, NA
c35, C, 16, 2, 6000, NA
c35, C, 16, 3, 24000, NA
c35, C, 17, 1, 1800, NA
c35, C, 17, 2, 1600, NA
c35, C, 17, 3, 1700, NA
c35, C, 18, 1, 4700, NA
c35, C, 18, 2, 3700, NA
c35, C, 18, 3, 5300, NA
EnvC3, C, 0, 1, 0, NA
EnvC3, C, 0, 2, 0, NA
EnvC3, C, 0, 3, 0, NA
EnvC3, C, 1, 1, NA, NA
EnvC3, C, 1, 2, NA, NA
EnvC3, C, 1, 3, NA, NA
EnvC3, C, 2, 1, 870000, NA
EnvC3, C, 2, 2, 700000, NA
EnvC3, C, 2, 3, 790000, NA
EnvC3, C, 3, 1, 780000, NA
EnvC3, C, 3, 2, 980000, NA
EnvC3, C, 3, 3, 910000, NA
EnvC3, C, 4, 1, 900000, NA
EnvC3, C, 4, 2, 840000, NA
EnvC3, C, 4, 3, 790000, NA
EnvC3, C, 5, 1, 700000, NA
EnvC3, C, 5, 2, 840000, NA
EnvC3, C, 5, 3, 930000, NA
EnvC3, C, 6, 1, 770000, NA
EnvC3, C, 6, 2, 800000, NA
EnvC3, C, 6, 3, 1030000, NA
EnvC3, C, 7, 1, 580000, NA
EnvC3, C, 7, 2, 590000, NA
EnvC3, C, 7, 3, 560000, NA
EnvC3, C, 8, 1, 60000, NA
EnvC3, C, 8, 2, 70000, NA
EnvC3, C, 8, 3, 110000, NA
EnvC3, C, 9, 1, 130000, NA
EnvC3, C, 9, 2, 90000, NA
EnvC3, C, 9, 3, 50000, NA
EnvC3, C, 10, 1, 50000, NA
EnvC3, C, 10, 2, 80000, NA
EnvC3, C, 10, 3, 70000, NA
EnvC3, C, 11, 1, 20000, NA
EnvC3, C, 11, 2, 10000, NA
EnvC3, C, 11, 3, 20000, NA
EnvC3, C, 12, 1, 6000, NA
EnvC3, C, 12, 2, 8000, NA
EnvC3, C, 12, 3, 9000, NA
EnvC3, C, 13, 1, 3000, NA
EnvC3, C, 13, 2, 10000, NA
EnvC3, C, 13, 3, 1000, NA
EnvC3, C, 15, 1, 6100, NA
EnvC3, C, 15, 2, 7800, NA
EnvC3, C, 15, 3, 5300, NA
EnvC3, C, 16, 1, 4000, NA
EnvC3, C, 16, 2, 8000, NA
EnvC3, C, 16, 3, 7000, NA
EnvC3, C, 17, 1, 7000, NA
EnvC3, C, 17, 2, 8000, NA
EnvC3, C, 17, 3, 5000, NA
EnvC3, C, 18, 1, 7000, NA
EnvC3, C, 18, 2, 4000, NA
EnvC3, C, 18, 3, 4000, NA
